model,group,accuracy,f1_score,mode
RoBERTa,White,0.8088145432325085,0.807437397797654,full
RoBERTa,AAE-no-AAVE,0.7956281833616299,0.7879153022983653,full
RoBERTa,AAVE,0.7892869811990068,0.7897202299246592,full
RoBERTa-Latest,White,0.7681408493736633,0.7667322390894383,full
RoBERTa-Latest,AAE-no-AAVE,0.7553056027164686,0.7469186714479594,full
RoBERTa-Latest,AAVE,0.7378503015253636,0.7394748391661454,full
BERTweet,White,0.8186106018942866,0.8172488925535099,full
BERTweet,AAE-no-AAVE,0.8249151103565365,0.82030367178603,full
BERTweet,AAVE,0.8219226676126286,0.8234979028219342,full
